timestamp,AAVE,DAI,EURC,LBTC,LINK,PT-sUSDE-7MAY2026,PT-srUSDe-25JUN2026,PT-srUSDe-2APR2026,PYUSD,RLUSD,USDC,USDG,USDS,USDT,USDe,USDtb,WBTC,WETH,XAUt,cbBTC,eBTC,osETH,rETH,rsETH,sUSDe,syrupUSDT,tBTC,weETH,wstETH
2026-04-16 00:00:00+00:00,0.0,0.0,0.0,0.0,0.0520696279414908,0.0,0.0,0.0,500.05696673473017,42969.90271965328,85179.72250998946,0.0,0.0,5843346.451089315,0.0,0.0,27060.76556,2899673.3941052086,15.17475126496863,0.0,0.0,0.0,0.0,0.0,0.0,0.0,0.0,0.0,0.0
2026-04-16 01:00:00+00:00,0.0,0.0,0.0,0.0,0.0,501964.3003023846,0.0,0.0,0.0,0.0,320990.5997502788,0.0,0.0,12673258.88631228,13820.153158192375,0.0,556.57144,8694950.891703838,0.0,312533.11380931205,0.0,0.0,100000.00000121114,0.0,15750.0,0.0,0.0,468.76461928031193,0.0
2026-04-16 02:00:00+00:00,2093.640124848928,0.0,0.0,0.0,0.0,577.6532157889917,0.0,0.0,0.0,0.0,154334.7326392009,0.0,0.0,4544065.214801596,0.0,560.7752597574378,23130.638369999997,5440468.143286508,0.0,872.6124914262,696.85804,0.0,0.0,32.72722656942217,0.0,0.0,0.0,0.0,0.0
2026-04-16 03:00:00+00:00,0.0,58599.45325226451,0.0,0.0,0.0,0.0,0.0,0.0,0.0,0.0,978850.6875761935,77624.856265,19821.050738854297,5303816.322910294,3490000.0,0.0,1712.30245,3112084.732968497,0.0,311713.38270541624,0.0,0.0,0.0,0.0,3181500.0,0.0,0.0,0.0,0.0
2026-04-16 04:00:00+00:00,0.0,0.0,0.0,0.0,696.0181905000001,0.0,0.0,0.0,9993.7298463,0.0,3562450.7952450155,0.0,5865.588316346664,3990103.815967867,420000.0,0.0,0.0,962037.3296364854,14356.13303712,0.0,0.0,0.0,0.0,0.0,577500.0,0.0,0.0,0.0,0.0
2026-04-16 05:00:00+00:00,0.0,0.0,0.0,0.0,40638.1930109005,0.0,0.0,0.0,0.0,0.0,2419154.667161628,0.0,0.0,5767628.334575747,2289.999308382473,13.078562949457146,26060.41968,3422043.926552653,0.0,269123.3470421028,467.51741999999996,0.0,0.0,0.0,0.0,0.0,0.0,100611243.604641,84322511.71317984
2026-04-16 06:00:00+00:00,0.0,0.0,38880.0,0.0,0.0,0.0,0.0,0.0,1855.71829156152,0.0,4275867.999030977,100.036102,0.0,6498246.569186795,1506241.930524367,0.0,0.0,1363066.3746703386,238.47149988,108074.0785315176,0.0,0.0,0.0,0.0,7368313.086719565,0.0,0.0,0.0,0.0
2026-04-16 07:00:00+00:00,0.0,0.0,22362.91543548,0.0,0.0,0.0,0.0,0.0,0.0,0.0,6205315.8782590665,0.0,0.0,9698272.013381919,49.904743433978346,0.0,416709.48377,13146283.710841732,0.0,0.0,0.0,0.0,0.0,4200017.5,2866537.793904897,0.0,0.0,1.90000000002831,0.0
2026-04-16 08:00:00+00:00,6019870.198652717,0.0,43276.23601308001,7796466.924907253,0.0,0.0,0.0,0.0,0.0,0.0,7786241.382260687,492874.72541,5124009.889264074,8003003.554819351,105.43587987054954,0.0,0.0024899999999999996,2772615.836912237,0.0,102.8750116968,0.0,0.0,0.0,0.0,162.86968850842555,0.0,0.0,352641.73652139783,15400.0
2026-04-16 09:00:00+00:00,8723.191752644685,0.0,1313.72627112,0.0,0.0,0.0,0.0,0.0,0.0,25.30300651791144,3494719.1238186033,191164.257314,385.1109965951161,7104350.521938474,234.23483120252274,0.0,82686.91736,11437960.940682843,0.0,0.0,0.0,0.0,0.0,0.0,360.641059378215,0.0,0.0,111086.22873527296,472335.1941464031
2026-04-16 10:00:00+00:00,0.0,1354.4627356425035,21695.320263240003,0.0,0.0,0.0,0.0,0.0,0.0,0.0,36593231.708959356,0.0,0.0,7991729.83186605,0.0,0.0,4290.66259,2565116.6402846216,0.0,93488.742,0.0,0.0,0.0,0.0,0.0,0.0,0.0,159263.67761597043,0.0
2026-04-16 11:00:00+00:00,527.821044,2.461223526260404,0.0,0.0,0.0,0.0,0.0,0.0,0.0,0.0,5295340.2283509,0.0,0.0,5165227.705858829,2324.267249067113,0.5187886468276182,2089110.20584,12974471.663263505,0.0,103876.38,0.0,0.0,0.0,0.0,0.0,0.0,0.0,0.0,0.0
2026-04-16 12:00:00+00:00,3210.2646663985684,187.78440319424135,6048.0,0.0,0.0,0.0,0.0,0.0,0.0,0.0,3131451.673232614,30015.321644,0.0,9009546.321564713,6772.39768349775,0.0,2662719.33555,17310852.58368215,0.0,207752.76,0.0,0.0,1.8260882004748,0.0,0.0,0.0,0.0,4966974.920405359,0.47565070478640004
2026-04-16 13:00:00+00:00,0.0,0.0,0.0,74.71950107468,700.215,0.0,0.0,0.0,0.0,0.0,2023704.7997613407,15000.0,0.0,9210052.172517108,26301.1154512782,0.0,793426.7007200001,8530464.352863593,0.0,251051.35722656944,0.0,0.0,0.0,0.0,279536.1944885847,0.0,0.0,0.0,772379.1961970693
2026-04-16 14:00:00+00:00,122872.163262,0.0,0.0,0.0,0.0,0.0,0.0,0.0,0.0,0.0,5717103.113959719,0.0,0.0,21599589.386853453,59.968912704256006,0.0,300183.43819,18825279.371887445,3201.1589206050003,2834115.9951597718,0.0,0.0,0.0,0.0,946067.0698631009,16950000.0,29568.807382732048,227620.0,4156710.290952266
2026-04-16 15:00:00+00:00,6554.3172,0.0,0.0,0.0,9431.85995,0.0,0.0,0.0,0.0,0.0,623131.3261892274,617.5337,0.0,29841262.295016624,8.159447492563697,0.0,7470.0,14505228.006501753,1347.300858592,5713.263225828001,0.0,0.0,0.0,0.0,427717.68913673976,15200000.0,0.0,5598399.297336703,1238757.4425553558
2026-04-16 16:00:00+00:00,0.0,0.0,3240.0,0.0,148915.47289212537,0.0,0.0,0.0,2735.2490807124777,0.0,6545926.083639124,0.0,0.0,6441497.237219598,1700.0853690041497,0.0,5564231.42987,12192993.821187755,2403.388,0.0,0.0,0.0,0.0,0.0,0.0,0.0,0.0,570000.0,0.0
2026-04-16 17:00:00+00:00,1219105.69,0.0,0.0,0.0,4130.5292336,0.0,0.0,0.0,0.0,0.0,3565203.74093337,0.0,0.0,9266943.430098463,0.0,0.0,83000.0,8399303.362835372,0.0,0.0,0.0,0.0,0.0,0.0,0.0,0.0,0.0,0.0,0.0
2026-04-16 18:00:00+00:00,0.0,0.0,0.0,0.0,3683.8506874423756,0.0,0.0,0.0,29975.1945,0.0,155194.21185460925,0.0,0.0,74054493.59895308,0.0,0.0,17234.6346,4302649.264714786,0.0,117388.614316581,1162.0,0.0,0.0,0.0,0.0,0.0,0.0,9219785.541844599,0.0
2026-04-16 19:00:00+00:00,3642257.7104261164,0.0,33.99588576,0.0,24992.550187132743,0.0,0.0,0.0,14943.936966379915,0.0,1459155.6369664562,0.0,0.0,25559452.696007244,61888.87140129235,0.0,3154612.84046,2735149.259615902,0.0,103876.38,0.0,0.0,0.0,0.0,64804.761792103774,4893917.113446,0.0,0.0,35404.213436789614
2026-04-16 20:00:00+00:00,584.831,0.0,145348.75661184,0.0,6340.023861343385,0.0,0.0,0.0,0.0,8300.0,1439234.2316624005,0.0,0.0,30997863.426019993,3000.0,0.0,2597385.52948,3359560.762433547,0.0,0.0,0.0,0.0,0.0,0.0,0.0,0.0,0.0,41800.0,0.0
2026-04-16 21:00:00+00:00,0.0,0.0,1.08,0.0,0.0,0.0,0.0,0.0,0.0,0.0,2483134.482534753,0.0,0.0,224199.9805928977,0.0,0.0,174300.0,7753393.208855226,0.0,114264.01800000001,0.0,0.0,0.0,0.0,0.0,0.0,0.0,2850.0,0.0
2026-04-16 22:00:00+00:00,40.384154557771836,0.0,0.0,0.0,0.0,0.0,0.0,0.0,599.5398562367074,0.0,2151397.092617402,0.0,0.0,2534101.760339942,13340.092601250064,1613.1134246096103,307001.32545,5605451.920000255,0.0,106250.6709912582,0.0,0.0,0.0,0.0,0.0,0.0,0.0,0.0,0.0
2026-04-16 23:00:00+00:00,1495.47469981,0.0,0.0,0.0,60.38304553281895,0.280715256425202,0.0,0.0,0.0,0.0,104494397.22924916,0.0,0.0,312164.45586835366,4.242095166488215,0.0,100304.33717,4300329.759554501,0.0,0.0,0.0,0.0,0.0,0.0,493.1015535073319,0.0,0.0,0.0,528610.2537282859
2026-04-17 00:00:00+00:00,4379.0430147,0.0,0.0,0.0,0.0002397036774225,0.0,0.0,0.0,252231.6857909072,0.0,1132168.5266881487,0.0,0.0,2616504.650001163,1502.735566170953,0.0,83497.90953,7456001.906540871,0.0,0.0,249.0,0.0,0.0,0.0,0.0,0.0,0.0,0.0,0.0
2026-04-17 01:00:00+00:00,964.303350363,0.0,0.0,0.0,0.0,0.9106696977022618,0.0,0.0,19.93371916472725,0.0,373053.13101406157,0.0,0.0,472135.36751524085,230101.23654549327,0.0,107447.82678999999,2820329.0307203983,0.0,240042.9944914776,0.0,0.0,0.0,0.0,0.0,0.0,0.0,0.0,0.0
2026-04-17 02:00:00+00:00,0.0,0.0,0.0,0.0,0.0,0.0,0.0,0.0,0.2636738008997999,50071.170000000006,7255244.84700356,0.0,0.0,1009807.8931426513,0.0,0.0,1941.9252699999997,4851462.059514149,0.0,0.0,0.0,0.0,0.0,0.0,0.0,0.0,0.0,0.0,0.0
2026-04-17 03:00:00+00:00,0.0,0.0,0.0,0.0,0.0,0.0,0.0,0.0,0.0,258.37280495992246,7279291.464226817,0.0,0.0,995979.9147766201,0.0,3217.1243170786524,350.64429,6031633.459505366,0.0,0.0,0.0,0.0,0.0,0.0,5355.0,1891868.667322,0.0,0.0,0.0
2026-04-17 04:00:00+00:00,3185.0448,0.0,10800.0,0.0,0.0,0.0,0.0,0.0,0.0,0.0,3042575.4653144437,0.0,0.0,2586245.6222114726,0.0,0.0,326.99841999999995,15676483.771761086,0.0,0.0,0.0,0.0,0.0,0.0,0.0,3919473.755339,0.0,0.0,163176.48289690935
2026-04-17 05:00:00+00:00,1688.79154935,0.0,351669.02846292005,0.0,3584.892589249733,0.0,0.0,0.0,0.0,0.0,5135007.985388092,0.0,0.0,858281.9984440722,1552125.6103191501,0.0,8045.37592,14460980.881774796,0.0,0.0,0.0,0.0,0.0,0.0,1395337.1679982475,0.0,0.0,0.75633266533609,0.0
2026-04-17 06:00:00+00:00,16736.2062334,0.0,0.0,0.0,252.8820776944295,0.0,0.0,0.0,0.0,0.0,29559781.893953264,0.0,0.0,3521418.523645665,0.0,0.0,664000.0,8003915.077614642,0.0,0.0,0.0,0.0,0.0,0.0,0.0,0.0,0.0,0.0,0.0
2026-04-17 07:00:00+00:00,11308.247455,0.0,0.0,0.0,0.0,0.0,0.0,0.0,0.0,0.0,1290979.953865481,0.0,0.0,8473161.553494588,0.0,0.0,0.0,5306431.1369698625,0.0,145062.57520951203,0.0,0.0,0.0,0.0,0.0,13496726.776622001,0.0,0.0,0.0
2026-04-17 08:00:00+00:00,2239.479782703712,0.0,161.55793656,0.0,0.0,0.0,0.0,0.0,0.0,733950.3107425252,5638031.858865997,0.0,0.0,89400052.72403662,1052.3054485206203,0.0,36446.367379999996,11678958.558446512,0.0,0.0,0.0,0.0,0.0,0.0,57.82024041294368,21699439.813535,0.0,0.0,591592.314016288
2026-04-17 09:00:00+00:00,0.0,0.0,0.0,0.0,0.0,0.0,0.0,0.0,0.0,0.0,18125532.01014774,15602.0,0.0,45757969.31450107,4081399.8820729405,0.0,17443.089099999997,38021495.62963575,0.0,0.0,0.0,0.0,0.0,0.0,3486463.4893255564,6572391.661426,0.0,98800.0,8269.392160843807
2026-04-17 10:00:00+00:00,0.0,35.00385,108.0,0.0,0.0,0.0,0.0,0.0,0.0,0.0,3663030.298587759,342513.551445,10499.999999999998,67175545.96069156,104238.53930988639,0.0,83000.0,6060017.658665614,0.0,207787.283314893,0.0,0.0,0.0,0.0,4236.2751128563605,0.0,0.0,188100.0,0.0
2026-04-17 11:00:00+00:00,45028.581912500005,0.0,6480.0,0.0,0.0,0.0,0.0,0.0,156536.8391717165,2182.719421485285,8874917.23877635,100000.977766,0.0,28390661.531254604,54997.34548176427,180.7436229190485,577641.68637,5247116.019058814,0.0,93408.08302969381,715.22096,4999160.922159454,0.0,0.0,0.0,0.0,0.0,378100.0,30800000.0
2026-04-17 12:00:00+00:00,0.0,0.0,18360.0,0.0,476.901895,0.0,0.0,0.0,0.0,0.0,6014281.382890744,0.0,6858.059309178584,42428038.94890937,0.0,0.0,2979.61285,17789563.783146434,0.0,103876.38,0.0,0.0,0.0,0.0,0.0,0.0,0.0,2751086.4596971273,1799342.1754207665
2026-04-17 13:00:00+00:00,0.0,0.0,35872.67300544,0.0,0.0,0.0,0.0,0.0,0.0,0.0,2429093.851292247,200648.469999,0.0,24607192.88002545,0.0,0.0,659096.2446300001,2827593.6471587024,0.0,0.0,0.0,0.0,0.0,0.0,0.0,0.0,0.0,570.0,184.8
2026-04-17 14:00:00+00:00,3095.872845591316,0.0,828.54636156,0.0,3955.837389002658,0.0,0.0,0.0,1199.00778,0.0,6330371.569424168,0.0,0.0,30274679.818158243,16061.592916119536,0.0,1598934.81504,4532453.065242151,0.0,10595390.76,0.0,0.0,0.0,0.0,0.0,0.0,0.0,3467489.4063014626,47999.05629428128
2026-04-17 15:00:00+00:00,0.0,0.0,19621.029792240002,0.0,3931.037902131592,0.0,0.0,0.0,853.2391084171679,25000000.0,2651954.5719614797,0.0,0.0,115217215.19500023,181.1465845096594,0.0,459639.79787,3476388.185323924,29254.17,64451.764070607605,0.0,0.0,0.0,0.0,317267.1588434814,25750000.0,0.0,0.0,12100.0
2026-04-17 16:00:00+00:00,0.0,0.0,324.81419688000005,0.0,19498.871841182736,0.0,0.0,0.0,0.0,0.0,3526021.2089076717,28057.441699,8716.800526737698,94100568.0995309,0.0,0.0,2009912.00424,7997145.823903368,500.79234435,80.4823804602,0.0,0.0,0.0,0.0,0.0,611886.341928,0.0,104338.5,111218.68869044585
2026-04-17 17:00:00+00:00,4505.454188025076,0.0,0.0,0.0,6350.150417848282,0.0,0.0,20038.292735079354,0.0,0.0,2502487.036674029,0.0,5792.878661,65824419.0857177,1428.5234879870443,0.0,132371.43115999998,1976707.5706713018,0.0,199118.6041162986,0.0,0.0,0.0,0.0,0.0,0.0,0.0,0.0,204707.47583700172
2026-04-17 18:00:00+00:00,216.4735671135497,0.0,1419.17456592,0.0,3836.378330227516,0.0,27097.26677018631,0.0,0.0,0.0,12915000.945990263,0.0,26414.971277462013,9158368.40212847,2574852.536618573,0.0,81372.79910999999,36103483.44601008,218987.36676448002,0.0,0.0,0.0,0.0,0.0,2197899.8286224017,0.0,15602566.89278675,2306171.6334089963,382.8367227163402
2026-04-17 19:00:00+00:00,25957.779190656,0.0,0.0,0.0,13705.557231292643,0.0,0.0,0.0,2688.561585213896,0.0,1655872.598598239,0.0,25628.84834776688,25843337.377343833,2532.0410381186216,0.0,84194.0297,6786687.485381085,1545.7853547599998,282963.1160499894,954.1406099999999,0.0,0.0,0.0,0.0,0.0,0.0,0.0,5008.545715474971
2026-04-17 20:00:00+00:00,744.4065793654673,3557.7709101348146,312209.10326268006,0.0,1063.7711293,0.0,0.0,0.0,13373.319616025783,3048.956227139318,2766822.040691748,0.0,10560.96433889536,1071071.530702131,446717.0194465241,0.0,109126.408,2699980.613977551,0.0,21813.414464192403,0.0,30637.27958294015,0.0,0.0,460996.6024243806,0.0,0.0,0.43967596986556,22440.0
2026-04-17 21:00:00+00:00,10.4888106,0.0,0.0,0.0,9.67064663,0.0,0.0,0.0,0.0,0.0,2065184.54642741,0.0,5272.034607434206,684424.0703728048,66.13160291736781,0.0,3932406.45051,5283462.702907535,0.0,420608.79515337304,466.22013,0.0,0.0,0.0,0.0,0.0,0.0,0.0,0.0
2026-04-17 22:00:00+00:00,0.0,0.0,0.0,0.0,8371.274111348328,0.0,0.0,0.0,0.0,0.0,21600.00164667135,5000.0,0.0,8018788.804858268,0.0,0.0,2684783.15998,6273862.340890754,0.0,0.0,0.0,0.0,0.0,0.0,0.0,0.0,0.0,66690.0,44021991.63852245
2026-04-17 23:00:00+00:00,1003.994685365602,0.0,9.70652592,6452.22900783468,0.0,0.0,0.0,0.0,499.4195312344367,0.0,103536903.38203311,0.0,0.0,3834617.085062018,0.0,0.0,254211.22887,10739204.860185662,0.0,135974.191807638,0.0,0.0,0.0,0.0,0.0,0.0,0.0,21242.0,7370.0
2026-04-18 00:00:00+00:00,0.0,0.0,0.0,0.0,20173.57317247713,0.0,0.0,0.0,0.0,0.0,793291.1987942818,0.0,0.0,470633.8384673122,0.0,10.000002333400506,0.0,3772945.4792726445,0.0,268.5578377968,0.0,0.0,0.0,0.0,0.0,0.0,0.0,323.0,660000.0
2026-04-18 01:00:00+00:00,0.0,0.0,21.160249920000002,0.0,0.0,0.0,0.0,0.0,0.0,0.0,43965.72889098381,0.0,0.0,3445531.70436016,205276.35673037826,0.0,179.24099,3844273.656692736,0.0,0.0,0.0,0.0,0.0,0.0,333378.7166747873,0.0,0.0,1559.7514287560564,0.0
2026-04-18 02:00:00+00:00,0.0,800.0880000000001,0.0,0.0,0.0,0.0,0.0,0.0,0.0,0.0,61357.31242042495,0.0,0.0,1281714.3759366414,117292.09459952057,55.48204585559887,2601.68812,3409072.662179614,0.0,0.0,0.0,0.0,0.0,0.0,0.0,0.0,0.0,0.0,0.0
2026-04-18 03:00:00+00:00,2852.33307784326,0.0,275.40000000000003,0.0,0.0,306.48708947042456,0.0,0.0,0.0,0.0,95493.52865114334,0.0,10540.58862764036,15704063.817907408,334118.7820050674,0.0,161020.0,15443441.907353172,0.0,0.0,0.0,7543585.270940039,0.0,0.0,0.0,0.0,0.0,0.0,0.0
2026-04-18 04:00:00+00:00,0.0,0.0,0.0,0.0,0.0,0.0,0.0,0.0,0.0,0.0,1159429.5699530425,0.0,6269.809408148901,211955.9979752865,558719.9534383481,0.0,7636.0,3062810.663346053,0.0,0.0,0.0,0.0,0.0,0.0,0.0,0.0,0.0,0.0,0.0
2026-04-18 05:00:00+00:00,0.0,0.0,0.0,949.54048739644,0.0,0.0,0.0,0.0,0.0,0.0,255949.7314167786,0.0,26342.528987585738,3000470.3003464974,955.1089679014274,0.0,56351.40912,7551021.848622192,0.0,0.0,0.0,0.0,0.0,0.0,0.0,0.0,0.0,2316641.1197394077,0.0
2026-04-18 06:00:00+00:00,1149.3634,0.0,0.0,0.0,11177.59925048774,0.0,0.0,0.0,0.0,45862.38048881193,177556.15179331697,0.0,0.0,12970.187058313037,2464.244186368476,0.0,334892.80398,1614562.5892417112,5193.31819952,15810.1335792234,0.0,0.0,0.0,0.0,0.0,0.0,0.0,18202.0,1540.0
2026-04-18 07:00:00+00:00,0.0,0.0,2808.0,0.0,0.0,0.0,0.0,0.0,0.0,75.0,240305.52539472663,0.0,0.0,201803.37717183388,2885.255942978745,0.0,135179.10619,22820631.452618483,0.0,0.0,0.0,0.0,0.0,0.0,0.0,0.0,0.0,0.0,0.0
2026-04-18 08:00:00+00:00,0.0,0.0,13074.463602360001,1881.7689443364,0.0,0.0,0.0,0.0,0.0,0.0,1247275.1191382173,0.0,26330.703392288277,1616667.5483642505,3024.779275080389,62.16506101023297,148587.47482,8306586.669114632,0.0,0.0,8.91254,0.0,2511.7923862687744,962500.0,0.0,0.0,0.0,158650.0,146517.10111826248
2026-04-18 09:00:00+00:00,0.0,0.0,10800.0,0.0,160274.28888574097,0.0,0.0,0.0,0.0,0.0,1799249.1809153443,0.0,10529.678573796431,7665485.523545699,0.0,0.0,1218596.5886300001,2739575.8715474578,0.0,105004.7486041518,0.0,0.0,0.0,0.0,0.0,0.0,0.0,0.0,219999.83123969144
2026-04-18 10:00:00+00:00,4.821793691669955,7108.091111557631,16200.000000000002,14249.54165953318,9460.48058,0.0,0.0,0.0,0.0,0.0,2751617.539774381,0.0,10528.258355209284,6750472.125523131,3024.461202172052,0.0,25172.07483,10420255.638694827,0.0,134000.5302,0.0,0.0,0.0,0.0,0.0,28855.225797,0.0,0.0,333383.6081228675
2026-04-18 11:00:00+00:00,2229.772,0.0,2918.7364964400003,0.0,0.0,0.0,0.0,0.0,0.0,0.0,896400.0183697306,1002.0,0.0,19611687.36818093,1744.2104614862938,0.0,65081.862890000004,4829666.810030785,0.0,51938.19,0.0,0.0,0.0,0.0,0.0,0.0,0.0,67830.0,0.0
2026-04-18 12:00:00+00:00,11.000678675806284,0.0,171.97075008000002,0.0,0.0,41446.75804464424,0.0,0.0,0.0,0.0,770682.0240607405,0.0,0.0,187431.77114744944,1448.1444485923003,0.0,493186.85324,904928.1590517794,0.0,20775.276,24900.0,0.0,1405.281577496415,0.0,0.0,0.0,0.0,726548.6740701556,2949.0054738308945
2026-04-18 13:00:00+00:00,6361.77,2105.23155,108000.0,0.0,496.9730830264201,0.0,0.0,0.0,0.0,2000.0,360257.3815666305,0.0,0.0,345737.82975298155,22243.425288221697,0.0,84296.48074999999,4783852.864735721,0.0,0.0,0.0,0.0,0.0,0.0,0.0,0.0,0.0,12160.0,462648.87237807194
2026-04-18 14:00:00+00:00,589.8660767611336,0.0,37800.0,0.0,721.9471874999999,0.0,0.0,0.0,0.0,0.0,399363.85633221554,0.0,0.0,277517.8958828581,49182.42054637485,0.0,220297.37409000003,4132127.8718612744,0.0,0.0,0.0,0.0,0.0,0.0,41971.60717440449,0.0,0.0,2548337.8606353994,0.0
2026-04-18 15:00:00+00:00,0.0,0.0,0.0,0.0,0.0,0.0,0.0,0.0,0.0,0.0,98855.1956146541,2000.0,0.0,20007139.39360965,0.0,0.0,6090.81141,6111693.689062898,0.0,0.0,0.0,0.0,0.0,8180549.022166635,0.0,0.0,0.0,780244.5,368500.0
2026-04-18 16:00:00+00:00,13220.72108375027,0.0,0.0,2684.40182802242,2740.4787057958793,0.0,0.0,0.0,0.0,0.0,411880.75002915785,0.0,0.0,636400.5542834554,0.0,0.0,34361.33434,6928905.184779028,0.0,0.0,226.27626,0.0,0.0,0.0,16895.06770874434,0.0,0.0,445110.8677777657,0.0
2026-04-18 17:00:00+00:00,347.3510435267627,0.0,45.36,0.0,0.0,0.0,0.0,0.0,1399.84158315,2500.5674754420907,72142.88502722088,876.439312,21042.537707581305,202124.82931099838,0.0,0.0,0.0,1973629.4728965797,9711.06427456,0.0,0.0,2319528.312732027,0.0,0.0,0.0,0.0,0.0,348247.3463165672,0.0
2026-04-18 18:00:00+00:00,45823.67933103787,0.0,18706.326119639998,0.0,0.0,0.0,0.0,0.0,50356.4165977247,2095900.3548357536,8700409.641580135,1448672.986997,0.0,65086774.51559595,73757.65092892533,95.7970536360692,104891.84926000002,43295383.99209077,0.0,3675684.253427649,0.0,0.0,35585.29417671904,894554.0580170656,64222.808190605654,0.0,77185.08835687264,2453248.045915352,4216886.371332827
2026-04-18 19:00:00+00:00,2624173.188399313,11551.270500000002,2139899.3830015203,28084564.598904517,139876.3753403786,0.0,0.0,0.0,3696970.3432769338,127422304.92597428,271677980.8990179,5428031.271839,15644097.843722723,670524898.8555014,4883748.483261889,125607209.94202664,25397645.160889998,692996082.67565,0.0,45318995.37085082,0.0,19000.0,67557.19256267439,517110.81703715737,432145.04175964434,50000.0,68262.58290521594,16182513.933107201,43345914.32708442
2026-04-18 20:00:00+00:00,410099.9491307923,13605.835927117329,2583182.11636656,1693471.7553447273,215648.62599691196,2518000.0,0.0,0.0,6155242.760518968,35553107.190561935,57572115.91782083,1298090.359568,480178.7458440332,56170769.72409487,81650199.12357728,0.0,21312911.01403,36436227.66622131,12127534.78964544,332545941.753789,510869.75424,0.0,37422.626717935316,5753827.393702346,8716414.83802563,0.0,0.0,55982031.835522704,25063946.302587606
2026-04-18 21:00:00+00:00,241323.37624512633,64093.99398127062,391815.0310752,0.0,121573.61802815425,0.0,2876222.142525052,0.0,40719062.69638454,99669258.44732161,68788289.57629585,757693.0328360001,1369643.2223223206,33997841.54345399,28480384.56965443,400062.9840972271,74435438.87448001,31592427.504764643,1366.6498781599998,249118358.7622884,0.0,0.0,0.0,0.0,5396509.093121252,0.0,90056.60951302129,60926997.43333928,9175705.914086075
2026-04-18 22:00:00+00:00,372368.45504102483,4175183.0498142536,282436.60662216,583739.0590425686,925652.079769987,99506.8537663322,0.0,0.0,75980.66909323877,39465108.25391569,47286243.540144265,165170.052579,48539.42342222858,17406945.76361991,4001260.0011800467,0.0,18932724.66369,19676559.414165333,250540.97682033,14427213.90210623,36123.35711,0.0,1200000.0294207,1750.0,14017500.0,0.0,130016.72814667108,15581861.080348965,15542881.801578898
2026-04-18 23:00:00+00:00,52601.44858303033,0.0,351544.32314820006,0.0,6699.751119531215,0.0,0.0,0.0,694442.5350538833,139444.93510533182,39716336.91752904,50574.24942,11118.893060983408,20645629.0302155,977051.0446380173,108831.63150937395,29044370.90348,20660082.82654443,0.0,12222314.298226349,0.0,0.0,27956.883750759243,162452.18780568134,1707894.1535584135,0.0,0.0,9927144.509526523,12576961.063435296
2026-04-19 00:00:00+00:00,2319911.752767131,5112113.116406017,385.83629856000005,0.0,714872.7433900469,1600000.0,0.0,0.0,475602.551541785,84908.12903549397,57486169.20344258,246895.91926599998,47624.45090752057,70594559.35967065,13992618.3118673,0.0,13243195.65943,4077843.1627654484,33.816438389999995,564810.4699333038,0.0,0.0,353100.8812615398,0.0,0.0,0.0,0.0,914856.0012644028,1468745.0297865612
2026-04-19 01:00:00+00:00,3029492.3314821552,0.0,17352.02021148,0.0,320498.0243104795,700516.1557008693,0.0,0.0,271460.9717991959,144988.41916002147,56414686.38448922,1448079.217568,0.012602593891346997,151171302.92525238,3110034.0451257024,0.0,9838515.70789,7887053.709815366,4278.87864761,4506093.462767316,0.0,0.0,0.0,1750.0,380683.70570801804,0.0,0.0,4259897.975782613,6495998.318271371
2026-04-19 02:00:00+00:00,57526.51709,5301882.387514126,52030.795491360004,0.0,1.7791951629028575e-07,0.0,0.0,0.0,14266361.131910667,4577071.412485363,132013692.38145575,242118.527727,300039.9265313354,54540492.2316439,14656884.6473233,8935.571819920311,21537439.18945,14993629.937119253,7425.938157889999,14834163.564082716,0.0,32921.53550330187,0.0,0.0,8452998.094110763,0.0,0.0,3953216.8401933853,27047486.350114174
2026-04-19 03:00:00+00:00,11173.210644325089,3657.8535494056646,89629.93825344,82535851.75704545,3158.9173943806663,3457844.9098251094,0.0,0.0,8162058.611349601,1037502.6627185998,57743574.77086373,0.0,1220.5424913367613,57277178.40563711,7641603.000013327,0.0,10284308.26384,1644539.1624347167,0.0,2177212.540020378,0.0,0.0,197100.15606548326,0.0,2130260.8339859876,0.0,0.0,697742.6645616738,1808716.9255946367
2026-04-19 04:00:00+00:00,338906.55762667046,10003.562875458494,31912.37600724,12335.40491862624,103331.27021459199,6600000.0,0.0,0.0,2777265.8803738216,50215.280451946564,80199085.71032237,49942.363498,0.0,23545821.17021033,2949361.71977615,0.0,4665136.70705,4591432.462103699,282199.50222569,203255.6668885188,0.0,0.0,7154.229161982652,0.0,1300303.076667811,0.0,467592.17863105895,18927252.040442295,9498945.96210343
2026-04-19 05:00:00+00:00,56791.422574534634,980630.888511312,595205.2975035601,0.0,216078.27288607217,12400000.0,0.0,0.0,6006250.250817247,367258.73352961236,64006651.95294443,245906.140399,90705.76664142695,29130829.89897318,5340389.188959665,7.3125758768311,12539767.93288,2422273.6654813536,0.0,170729.76909249902,213498.05476000003,0.0,59.866260353314594,0.0,5913185.355943893,0.0,686.5836809857587,26622246.561230585,17732675.338022627
2026-04-19 06:00:00+00:00,77074.07695102046,38651.182037280756,59316.268599,0.0,139907.33442921838,803605.3461890831,0.0,0.0,28583495.174527925,287572.7547978314,16815098.28705438,32788.653731,0.0,16092205.3290736,7360493.501166032,0.0,26789690.787869997,1854273.620506747,11595.864,321339.05629520223,206987.56796000001,16281.768879871728,18404.27860042527,0.0,11469757.434624666,0.0,90491.3490437565,2313302.433954462,2613722.347139831
2026-04-19 07:00:00+00:00,918.6034,0.0,613295.02638792,490992.27194474667,333405.6073583841,8170000.0,0.0,0.0,748121.044302169,3008985.0305907805,38018073.699849,195241.96187300002,3117946.695674301,16524339.518490778,14217087.197961764,10039672.456789361,68820348.83688,115883.58790040048,15440.58866784,8927145.29545345,0.0,0.0,0.0,0.0,7084629.969315304,0.0,2652330.759320625,3042850.4220009535,7451392.046620046
2026-04-19 08:00:00+00:00,39716.40849196182,583542.9948732341,492649.10819712,5102490.385843179,74629.34930230236,3549999.9999999995,0.0,0.0,3021538.9170564236,6713097.27570751,8999056.935748108,144643.62374,20313.534423462064,19249264.772452306,4283533.754970411,0.0,11701154.093279999,302894.4612791198,0.0,4321623.02273345,0.0,0.0,0.0,1740.278482938301,8402739.300561683,734701.773381,0.0,1051811.4387688846,25799232.17526623
2026-04-19 09:00:00+00:00,7366.63991605,38643.174554438985,42314.438331360005,275188.04174927785,103299.49114149423,7258459.440717349,0.0,0.0,1305387.4092566397,805479.1572693429,40998407.812183894,2815661.029695,132031.11208390782,21238452.97168844,5929511.579742286,35024.4169719818,20161564.630090002,447020.8432397123,7892.05323781,1712267.6376283416,0.0,0.0,0.0,0.0,1434342.557519394,1345000.0,22889.51963650458,6193682.393500751,34278802.31248237
2026-04-19 10:00:00+00:00,20223.489763654223,581308.9868316774,754993.9582455601,181278.63845764566,57779.593981855585,4768723.773417788,0.0,0.0,3827113.9955376983,700444.2526785138,13980482.471723119,211295.66798600001,56270.52444538529,24455270.7101894,5915425.570862766,0.0,7634974.95249,6144648.568171026,25858.27423256,11439619.512577603,2593479.89642,0.0,0.0,1067.1500002840755,4321845.170799162,0.0,0.0,62001036.95384134,9275109.05911038
2026-04-19 11:00:00+00:00,91.11618907532521,9199.193048385921,1034086.43889144,0.0,186574.42060317527,5446337.101427404,0.0,0.0,1093869.684398742,3593826.624942431,16398327.82150997,928518.208749,1305287.0545166843,31407989.96832334,8987048.862453844,0.0,30798091.652429998,344701.77298356255,3623.7075,12090587.17947117,0.0,0.0,2000.0010342848661,1889.7078886842537,902579.8438107108,711883.732876,11441426.8049125,1648055.6039721686,2143562.6336351377
2026-04-19 12:00:00+00:00,85993.07999695845,0.0,1606908.20794668,41322.362772431065,335.2111142401273,2376440.6409913367,4108069.576117398,0.0,282226.6602583068,74103.13575208822,8920419.107766423,164446.78906799998,59964.70865984668,25502501.565001257,25527265.77202113,0.0,23721897.45386,427781.65517493366,36822.77725903,1711510.5616405704,52866.30469,0.0,7742.830664453763,0.0,3013805.9661491704,1760000.0,290338.8695733704,2100175.508895856,6904053.185879739
2026-04-19 13:00:00+00:00,22839.07613269598,365644.7954341197,1565948.59567308,0.0,13593.59745222801,144850.0,0.0,0.0,977215.6382529427,126222.37626001905,3930104.0563468593,191626.492465,118902.94544638334,27842211.484624323,21074440.89238103,5662115.485929874,2522108.73758,5682796.291345444,36463.94807916,254497.136193819,0.0,0.0,80000.0,437.5,1966755.645979852,0.0,943021.0414685096,4177832.172115196,3571289.453480269
2026-04-19 14:00:00+00:00,2139899.8474790803,517267.1492070076,38696.09075820001,0.0,223940.471724951,37650.28421733739,0.0,0.0,8903570.180447854,204433.3211266303,5478708.888589342,205253.216667,78.28222598283949,66744215.281211235,44699308.1200309,0.0,1905038.8515599999,2237465.527437298,58770.404336909996,1332477.4877340714,0.0,0.0,1019790.9541767518,0.0,5987991.717603145,0.0,874567.5285469267,2780841.6996213044,31254419.50729589
2026-04-19 15:00:00+00:00,713057.5319013696,0.0,831736.5043460401,10865386.567011574,605826.1600163346,226351.2996498249,0.0,0.0,609284.0892891488,797477.6833373792,5721424.578181738,938814.843645,3005814.7759274435,10174582.235948568,12305827.898674415,32.67857587370757,13398809.05437,7444599.399268291,3333751.4422073397,1440398.7848858852,0.0,6060583.380990441,0.0,0.0,910385.1979854123,0.0,1214419.5777998324,12079986.176379668,19568499.310630437
2026-04-19 16:00:00+00:00,3883858.3739544405,136709.36309512955,881177.0325105601,419427.6882483485,2643.81077668273,13411404.0,0.0,0.0,1535462.106527351,107661.731709401,3259662.876397194,2000.625986,0.0,7368266.405646965,1637840.2013591672,0.0,5592447.68242,118088.49109537553,169842.89995484,1716048.664108112,0.0,14724.35434230397,0.0,0.0,3832500.0,0.0,619045.8145045894,2306644.5755956857,2169356.4061981
2026-04-19 17:00:00+00:00,301854.90520052426,153529.31468605768,307006.2079272,2123752.00341345,285053.77401093184,4911431.0,0.0,0.0,3538863.5913367975,159052.0835352736,17082354.418326203,20298.100573,315652.66226133605,10234128.33645383,667529.1333907985,0.0,7270477.911859999,19798.906892475887,146677.96323228997,1571057.5485766935,0.0,0.0,0.0,0.0,2894553.6341342772,847064.17171,803462.2032271073,4811297.151556856,15759727.7374225
2026-04-19 18:00:00+00:00,12762.128740634076,93443.891304339,465425.80058664,2388888.862,2345473.0054774513,1322548.451048492,0.0,999154.112665634,414127.01362874196,393921.504001076,9980658.968462586,0.0,83.69605687738871,10164040.666421492,660091.4025872805,0.0,36165974.56556,222108.69985929615,162863.31076036,315356422.70222294,119081.12671,0.0,17969.03348506456,0.0,990152.2154369801,100000.0,1960.6166143406824,4179554.056350986,15657007.119184528
2026-04-19 19:00:00+00:00,8557.112690051623,2204490.524472392,4721563.847696761,0.0,576946.1860842749,4911474.0,0.0,0.0,131.8908558,6745845.947963314,28535047.72484187,29663.961123,0.0,65645315.59037618,5865737.6683226945,0.0,34437777.62054,2210822.44634531,122636.40818099999,2075457.8413144604,0.0,0.0,0.0,0.0,1296133.2476341983,0.0,184342.7493476031,13601723.256350618,171123665.47563577
2026-04-19 20:00:00+00:00,103749.13510122002,2098239.115174825,1264793.4468234,0.0,138536.6262569055,3800000.0,0.0,0.0,10708.764652510283,1201.3343441330323,20801756.268245924,27091.017018,79521.15797759869,31632388.0131014,6872580.347288899,0.0,3455510.68953,526854.2736580739,67642.54,1192640.3068277882,39292.08712,0.0,22384.209534858343,0.0,6757777.894958879,0.0,3038713.217030167,21131443.442069914,69098083.09906456
2026-04-19 21:00:00+00:00,7570.92535117745,1561679.390694363,1059608.48319792,4776685.65087053,15133.861529214604,0.0,0.0,0.0,0.0,660025.3876082883,25120482.762821667,0.0,22943.1033764593,24945178.82177838,10901703.155875795,0.0,6169803.01796,14568.321462422246,36.45449745,1778904.338514633,10969035.46872,0.0,0.0,0.0,8974486.386280464,0.0,16809.696635283388,9996196.1018766,28493030.599823184
2026-04-19 22:00:00+00:00,1412741.4047605619,246667.2781398886,160011.00173844,3977.94643032076,36337.27497802411,0.0,0.0,0.0,102020.86933274986,68096.98562436971,47598952.77686151,78692.854507,0.0,9925988.3231386,45341658.63987887,0.0,13407741.57911,62469.37313295127,0.0,42695.8181748864,84616.78688,0.0,0.0,0.0,6438771.266004717,0.0,0.0,3956564.4289498352,1878759.4619462886
2026-04-19 23:00:00+00:00,6989.126329242979,10564.52971912788,1958.6598487200001,113678.15964,99367.21492353604,0.0,0.0,0.0,258180.5573499629,610413.4169263279,6458824.684239546,37478.916732,0.0,18975254.882579852,9040644.016859,0.0,6942392.628439999,223628.5852115943,0.0,206718.39951974823,0.0,0.0,7811.39167456286,0.0,9229500.0,0.0,956919.3327745,6575669.653427041,2481737.889872254
